Height,Gender
153.13997026,M
207.27306575,M
107.62808216,F
181.1233388,M
218.16311494,M
133.82046193,M
126.10178328,F
139.37569078,F
111.12777796,F
178.88588964,M
160,F
